#创建数据库
CREATE DATABASE trafficPlanning DEFAULT CHARACTER SET utf8;


#创建城市列表
#城市id,中文名,英文名,经度,纬度
CREATE TABLE city(
city_id INT UNSIGNED NOT NULL,
name_cn varchar(20) NOT NULL,
name_en varchar(20) NOT NULL,
longitude DOUBLE NOT NULL,
latitude DOUBLE NOT NULL,
PRIMARY KEY(city_id)
)default charset=utf8;

#交通线路
#火车线路表
CREATE TABLE line_train(
line_id  varchar(15) NOT NULL PRIMARY KEY,
line_from INT UNSIGNED NOT NULL,
line_to INT UNSIGNED NOT NULL,
startTime TIME NOT NULL,
endTime TIME NOT NULL,
distance DOUBLE NOT NULL,
costTime TIME NOT NULL,
price DECIMAL(8,2) NOT NULL,
FOREIGN KEY(line_from) REFERENCES city(city_id),
FOREIGN KEY(line_to) REFERENCES city(city_id)
)default charset=utf8;

#交通线路
#飞机线路表
CREATE TABLE line_plane(
line_id  varchar(15) NOT NULL PRIMARY KEY,
line_from INT UNSIGNED NOT NULL,
line_to INT UNSIGNED NOT NULL,
startTime TIME NOT NULL,
endTime TIME NOT NULL,
distance DOUBLE NOT NULL,
costTime TIME NOT NULL,
price DECIMAL(8,2) NOT NULL,
FOREIGN KEY(line_from) REFERENCES city(city_id),
FOREIGN KEY(line_to) REFERENCES city(city_id)
)default charset=utf8;


#插入城市数据,经纬度来自于全国省会城市经纬度
INSERT INTO city(city_id,name_cn,name_en,longitude,latitude)
VALUES
(1,'北京','BeiJing',116.47 ,39.90),
(2,'上海','ShangHai',121.48 ,31.23),
(3,'天津','TianJin',117.18 ,39.15),
(4,'重庆','ChongQing',106.53 ,29.53),
(5,'哈尔滨','HaErBin',126.68 ,45.75),
(6,'长春','ChangChun',125.32 ,43.87),
(7,'呼和浩特','HuHeHaoTe',111.80 ,40.82),
(8,'石家庄','ShiJiaZhuang',114.47 ,38.03),
(9,'太原','TaiYuan',112.57 ,37.87),
(10,'济南','JiNan',117.00 ,36.63),
(11,'郑州','ZhengZhou',113.70 ,34.80),
(12,'西安','XiAn',108.90 ,34.27),
(13,'兰州','LanZhou',103.82 ,36.05),
(14,'乌鲁木齐','WuLuMuQi',87.60 ,43.80),
(15,'南京','NanJing',118.83 ,32.03),
(16,'杭州','HangZhou',120.15 ,30.23),
(17,'长沙','ChangSha',113.00 ,28.18),
(18,'武汉','WuHan',114.35 ,30.62),
(19,'成都','ChengDu',104.08 ,30.65),
(20,'贵阳','GuiYang',106.70 ,26.58),
(21,'广州','GuangZhou',113.25 ,23.13);


INSERT INTO line_train(line_id,line_from,line_to,startTime,endTime,distance,costTime,price)
VALUES
('G101',1,2,'6:44','12:38',1362.70,'5:54',553.00),
('C2001',1,4,'6:01','6:36',128.20,'0:35',54.50),
('G307',1,6,'8:30','20:24',1608.50,'11:54',767.50),
('C1234',1,8,'8:47','18:31',1051.50,'9:44',124.50),
('G123',1,10,'1:16','13:36',378.36,'12:19',534.96),
('C1235',1,12,'9:25','23:45',1968.13,'14:19',242.88),
('G124',1,14,'1:12','11:02',1064.06,'9:49',188.77),
('C1236',1,16,'13:01','16:30',431.94,'3:29',985.40),
('G125',1,18,'8:50','13:31',604.56,'4:41',221.45),
('C1237',1,20,'19:30','7:00',674.37,'11:30',178.35),
('G126',3,2,'21:28','3:19',974.81,'5:51',184.09),
('C1238',3,4,'21:26','12:31',448.55,'15:04',594.59),
('G127',3,6,'20:11','22:56',1050.12,'2:45',624.74),
('C1239',3,8,'2:34','13:53',1728.50,'11:19',104.34),
('G128',3,10,'22:46','14:34',124.60,'15:48',121.69),
('C1240',3,12,'11:55','15:36',102.42,'3:41',600.80),
('G129',3,14,'8:55','0:44',408.63,'15:48',360.76),
('C1241',3,16,'9:50','22:02',1980.64,'12:11',294.38),
('G130',3,18,'2:19','15:31',902.79,'13:11',565.69),
('C1242',3,20,'4:47','5:43',1035.34,'0:56',260.95),
('G131',5,2,'20:47','9:59',430.44,'13:12',982.27),
('C1243',5,4,'13:57','21:58',1238.44,'8:01',134.21),
('G132',5,6,'21:16','11:16',835.38,'14:00',294.39),
('C1244',5,8,'3:24','21:45',1249.56,'18:20',896.14),
('G133',5,10,'20:50','22:38',1573.01,'1:48',526.85),
('C1245',5,12,'5:22','8:38',752.93,'3:15',160.87),
('G134',5,14,'1:44','23:49',1323.95,'22:05',861.04),
('C1246',5,16,'9:32','21:56',1884.75,'12:24',539.06),
('G135',5,18,'8:58','4:46',894.79,'19:47',376.84),
('C1247',5,20,'9:37','10:33',1374.07,'0:55',289.57),
('G136',7,2,'3:08','21:01',1729.48,'17:53',941.37),
('C1248',7,4,'22:47','20:53',1947.50,'22:06',970.36),
('G137',7,6,'16:23','7:22',287.65,'14:58',849.51),
('C1249',7,8,'15:20','2:39',694.15,'11:18',469.03),
('G138',7,10,'14:11','16:13',1078.30,'2:02',967.25),
('C1250',7,12,'23:10','10:42',976.69,'11:32',881.33),
('G139',7,14,'6:36','19:42',1936.71,'13:05',150.87),
('C1251',7,16,'13:12','9:28',529.60,'20:15',956.60),
('G140',7,18,'18:59','22:39',395.48,'3:39',353.58),
('C1252',7,20,'4:57','4:30',1293.94,'23:33',384.65),
('G141',9,2,'6:37','20:45',1706.62,'14:07',904.22),
('C1253',9,4,'20:34','10:05',1860.85,'13:30',5.35),
('G142',9,6,'17:52','4:43',1480.99,'10:50',69.22),
('C1254',9,8,'14:38','17:17',1476.42,'2:38',64.46),
('G143',9,10,'16:28','6:38',240.65,'14:09',935.09),
('C1255',9,12,'11:24','17:32',256.71,'6:07',535.13),
('G144',9,14,'14:10','7:56',1559.58,'17:45',290.02),
('C1256',9,16,'11:50','3:43',1077.97,'15:52',116.16),
('G145',9,18,'13:54','10:51',737.34,'20:56',899.97),
('C1257',9,20,'8:51','1:24',1230.95,'16:32',930.04),
('G146',11,2,'3:07','19:06',1947.35,'15:59',594.91),
('C1258',11,4,'9:51','6:28',350.10,'20:37',516.47),
('G147',11,6,'3:55','22:44',306.03,'18:49',493.11),
('C1259',11,8,'2:22','16:53',1381.72,'14:30',113.09),
('G148',11,10,'21:12','13:42',1380.12,'16:29',431.60),
('C1260',11,12,'9:58','1:21',965.29,'15:22',253.77),
('G149',11,14,'20:55','5:58',839.08,'9:02',372.55),
('C1261',11,16,'10:47','0:29',9.13,'13:41',795.27),
('G150',11,18,'20:51','3:50',818.68,'6:58',879.72),
('C1262',11,20,'12:35','21:27',556.17,'8:51',229.79),
('G151',13,2,'20:57','12:39',122.54,'15:42',864.34),
('C1263',13,4,'7:05','2:38',1922.78,'19:32',559.42),
('G152',13,6,'4:06','7:58',340.83,'3:52',788.58),
('C1264',13,8,'23:20','22:40',481.28,'23:19',284.01),
('G153',13,10,'16:09','13:07',108.12,'20:57',651.32),
('C1265',13,12,'0:16','23:14',1362.12,'22:57',683.55),
('G154',13,14,'12:23','7:25',798.76,'19:01',602.86),
('C1266',13,16,'12:23','10:38',1992.17,'22:15',297.40),
('G155',13,18,'18:54','22:40',11.25,'3:45',860.71),
('C1267',13,20,'23:38','0:22',452.57,'0:44',2.90),
('G156',15,2,'0:02','7:24',1422.97,'7:22',445.78),
('C1268',15,4,'22:04','10:39',1989.68,'12:34',908.25),
('G157',15,6,'3:36','1:58',1372.87,'22:21',909.31),
('C1269',15,8,'11:52','9:21',910.74,'21:29',178.83),
('G158',15,10,'19:41','20:52',404.71,'1:10',378.14),
('C1270',15,12,'22:04','8:28',1439.77,'10:24',822.82),
('G159',15,14,'23:28','15:45',963.50,'16:17',831.39),
('C1271',15,16,'3:50','16:27',1741.68,'12:37',357.76),
('G160',15,18,'14:20','11:31',303.44,'21:11',570.00),
('C1272',15,20,'4:34','23:50',1877.12,'19:16',532.43),
('G161',17,2,'2:42','14:08',1687.79,'11:25',134.09),
('C1273',17,4,'13:09','18:20',631.16,'5:11',898.77),
('G162',17,6,'1:24','8:08',1442.45,'6:44',167.76),
('C1274',17,8,'7:57','4:35',1854.07,'20:38',694.60),
('G163',17,10,'8:53','23:42',136.17,'14:49',854.51),
('C1275',17,12,'18:46','4:16',1598.99,'9:29',233.74),
('G164',17,14,'3:57','1:52',467.46,'21:54',984.15),
('C1276',17,16,'11:49','7:27',1257.65,'19:38',5.02),
('G165',17,18,'11:22','8:05',1747.34,'20:43',963.35),
('C1277',17,20,'13:21','20:06',1105.19,'6:45',565.21),
('G166',19,2,'13:45','10:38',330.26,'20:53',560.92),
('C1278',19,4,'16:12','13:00',986.89,'20:47',377.63),
('G167',19,6,'20:04','9:56',1044.31,'13:52',828.13),
('C1279',19,8,'21:48','16:10',1878.66,'18:22',149.26),
('G168',19,10,'2:12','21:48',1218.05,'19:35',757.60),
('C1280',19,12,'2:49','8:08',849.84,'5:18',980.49),
('G169',19,14,'13:55','16:03',336.53,'2:08',18.46),
('C1281',19,16,'23:22','0:54',154.48,'1:32',60.33),
('G170',19,18,'2:18','15:24',1408.51,'13:06',87.91),
('C1282',19,20,'17:15','4:58',1164.78,'11:43',927.31),
('G171',21,2,'15:58','21:50',1757.31,'5:52',509.58),
('C1283',21,4,'17:57','7:55',1607.97,'13:57',749.96),
('G172',21,6,'18:14','7:06',331.55,'12:52',120.70),
('C1284',21,8,'21:51','10:30',981.29,'12:38',663.93),
('G173',21,10,'8:32','2:52',844.53,'18:19',953.55),
('C1285',21,12,'5:39','19:13',1360.12,'13:33',110.00),
('G174',21,14,'4:58','22:38',1726.48,'17:40',647.46),
('C1286',21,16,'21:56','9:13',34.75,'11:16',807.55),
('G175',21,18,'6:42','1:52',1119.86,'19:09',534.18),
('C1287',21,20,'20:56','19:30',1121.28,'22:34',724.66),
('G176',2,1,'6:11','1:37',1505.68,'19:26',980.22),
('C1288',2,3,'11:05','13:20',1980.39,'2:15',908.52),
('G177',2,5,'15:43','11:38',571.36,'19:54',693.22),
('C1289',2,7,'20:44','5:58',169.68,'9:13',370.77),
('G178',2,9,'17:35','23:41',723.41,'6:06',989.89),
('C1290',2,11,'13:05','19:04',1583.40,'5:59',465.00),
('G179',2,13,'7:22','15:54',1956.81,'8:32',752.13),
('C1291',2,15,'22:24','4:15',270.35,'5:51',874.65),
('G180',2,17,'2:03','17:25',854.28,'15:22',645.37),
('C1292',2,19,'12:37','10:42',1780.79,'22:04',432.55),
('G181',2,21,'8:27','8:30',303.31,'0:02',234.21),
('C1293',4,1,'5:22','20:41',840.74,'15:19',42.53),
('G182',4,3,'5:30','23:31',37.39,'18:00',342.28),
('C1294',4,5,'19:58','6:03',1206.16,'10:05',924.37),
('G183',4,7,'3:35','23:03',28.76,'19:27',20.43),
('C1295',4,9,'21:06','22:02',69.96,'0:55',50.56),
('G184',4,11,'19:49','19:33',1969.22,'23:44',995.45),
('C1296',4,13,'23:00','16:40',1310.46,'17:39',145.00),
('G185',4,15,'21:23','3:44',1533.15,'6:21',810.15),
('C1297',4,17,'6:37','23:51',1870.79,'17:14',778.53),
('G186',4,19,'23:06','12:12',799.25,'13:06',923.29),
('C1298',4,21,'2:34','22:47',19.18,'20:12',676.91),
('G187',6,1,'15:28','14:16',618.91,'22:48',558.95),
('C1299',6,3,'21:53','4:11',1957.68,'6:18',468.70),
('G188',6,5,'16:00','21:57',789.22,'5:57',364.66),
('C1300',6,7,'3:18','20:09',1515.16,'16:51',546.15),
('G189',6,9,'20:17','9:27',766.85,'13:09',757.34),
('C1301',6,11,'11:00','16:04',970.96,'5:03',170.72),
('G190',6,13,'3:58','2:42',651.45,'22:43',209.30),
('C1302',6,15,'2:18','3:18',1169.54,'1:00',717.58),
('G191',6,17,'1:53','15:45',1106.16,'13:51',537.31),
('C1303',6,19,'1:12','16:13',744.77,'15:00',648.50),
('G192',6,21,'4:04','15:59',1045.58,'11:55',938.67),
('C1304',8,1,'19:15','4:35',1491.71,'9:19',315.38),
('G193',8,3,'3:11','14:40',328.03,'11:29',905.24),
('C1305',8,5,'14:33','9:12',1975.64,'18:39',151.79),
('G194',8,7,'0:33','12:19',945.09,'11:45',507.35),
('C1306',8,9,'14:10','4:28',306.59,'14:17',736.60),
('G195',8,11,'2:57','14:04',236.29,'11:06',352.68),
('C1307',8,13,'8:48','4:58',783.19,'20:10',786.47),
('G196',8,15,'22:40','13:21',1698.66,'14:41',986.08),
('C1308',8,17,'10:55','12:51',1977.64,'1:56',279.31),
('G197',8,19,'18:24','22:10',396.59,'3:45',271.12),
('C1309',8,21,'22:41','4:06',1352.89,'5:25',919.37),
('G198',10,1,'2:03','22:22',461.46,'20:18',932.90),
('C1310',10,3,'6:21','16:49',1493.60,'10:28',57.46),
('G199',10,5,'4:53','12:53',1447.66,'7:59',637.56),
('C1311',10,7,'5:50','9:22',670.20,'3:32',257.12),
('G200',10,9,'13:02','21:28',1810.76,'8:26',373.68),
('C1312',10,11,'10:50','4:38',424.58,'17:47',577.87),
('G201',10,13,'13:05','8:29',1820.35,'19:23',465.85),
('C1313',10,15,'21:39','7:11',462.87,'9:32',716.15),
('G202',10,17,'22:48','21:19',982.30,'22:31',564.92),
('C1314',10,19,'20:22','9:04',41.71,'12:41',627.72),
('G203',10,21,'19:38','2:35',731.13,'6:57',458.87),
('C1315',12,1,'6:29','5:14',145.18,'22:45',950.64),
('G204',12,3,'3:57','11:43',818.10,'7:46',162.89),
('C1316',12,5,'14:19','23:56',350.72,'9:36',510.22),
('G205',12,7,'18:16','6:47',1661.16,'12:31',518.10),
('C1317',12,9,'3:38','18:19',203.47,'14:41',532.82),
('G206',12,11,'21:45','18:21',1212.68,'20:35',726.60),
('C1318',12,13,'5:59','19:45',161.31,'13:46',936.02),
('G207',12,15,'19:23','17:01',887.69,'21:37',377.23),
('C1319',12,17,'7:52','8:16',653.96,'0:24',109.52),
('G208',12,19,'11:15','23:50',1881.31,'12:34',931.62),
('C1320',12,21,'20:29','20:40',727.69,'0:11',337.38),
('G209',14,1,'3:38','13:06',1727.11,'9:27',215.43),
('C1321',14,3,'8:56','18:26',1290.91,'9:29',629.36),
('G210',14,5,'21:42','11:36',1463.55,'13:53',707.09),
('C1322',14,7,'16:24','11:19',1967.66,'18:54',566.55),
('G211',14,9,'14:06','20:39',672.51,'6:33',682.91),
('C1323',14,11,'19:28','14:29',912.92,'19:00',773.29),
('G212',14,13,'4:59','15:15',2.84,'10:16',57.62),
('C1324',14,15,'13:43','4:23',291.51,'14:40',127.67),
('G213',14,17,'16:04','3:48',634.39,'11:43',451.85),
('C1325',14,19,'13:51','14:27',711.25,'0:36',612.07),
('G214',14,21,'14:02','15:11',1075.88,'1:09',701.82),
('C1326',16,1,'2:14','5:04',111.90,'2:50',372.79),
('G215',16,3,'2:09','19:08',1811.96,'16:58',683.52),
('C1327',16,5,'9:27','14:32',622.39,'5:04',144.83),
('G216',16,7,'3:02','12:36',1739.52,'9:33',658.53),
('C1328',16,9,'23:48','3:46',1751.28,'3:58',135.74),
('G217',16,11,'12:25','19:03',571.15,'6:37',427.16),
('C1329',16,13,'1:57','10:05',711.74,'8:08',417.07),
('G218',16,15,'14:42','8:41',878.02,'17:59',512.17),
('C1330',16,17,'21:29','15:52',7.18,'18:22',307.16),
('G219',16,19,'20:49','6:13',390.36,'9:23',441.65),
('C1331',16,21,'19:35','20:14',789.43,'0:38',247.03),
('G220',18,1,'16:30','20:49',746.89,'4:19',592.60),
('C1332',18,3,'9:20','7:06',1546.62,'21:46',395.58),
('G221',18,5,'19:41','21:52',1727.37,'2:11',208.46),
('C1333',18,7,'11:52','0:54',1413.54,'13:02',544.27),
('G222',18,9,'21:46','20:14',437.21,'22:27',699.54),
('C1334',18,11,'12:59','13:00',162.92,'0:00',795.26),
('G223',18,13,'0:47','21:12',378.41,'20:24',342.96),
('C1335',18,15,'12:35','1:59',1801.50,'13:24',944.17),
('G224',18,17,'12:37','4:36',1381.30,'15:58',905.86),
('C1336',18,19,'3:18','17:23',1372.89,'14:04',874.01),
('G225',18,21,'1:23','7:43',790.53,'6:19',422.09),
('C1337',20,1,'1:02','13:59',184.21,'12:56',383.49),
('G226',20,3,'21:07','11:16',23.62,'14:08',455.59),
('C1338',20,5,'9:06','2:33',1605.95,'17:27',319.21),
('G227',20,7,'5:12','20:57',1179.89,'15:45',573.74),
('C1339',20,9,'20:59','5:50',699.07,'8:50',878.70),
('G228',20,11,'15:21','14:48',1786.10,'23:27',715.87),
('C1340',20,13,'16:34','15:07',1217.28,'22:32',773.27),
('G229',20,15,'23:39','21:04',1167.76,'21:24',827.59),
('C1341',20,17,'7:08','18:39',424.90,'11:30',317.35),
('G230',20,19,'12:06','12:13',1777.84,'0:06',898.60),
('C1342',20,21,'13:37','8:58',209.54,'19:20',143.93);













INSERT INTO line_plane(line_id,line_from,line_to,startTime,endTime,distance,costTime,price)
VALUES
('MU101',2,1,'1:15','3:39',233,'2:24',1357),
('CA550',4,1,'17:22','20:23',877,'3:01',914),
('MU102',6,1,'20:00','22:38',414,'2:38',937),
('CA551',8,1,'23:01','3:17',575,'4:16',156),
('MU103',10,1,'9:55','12:18',1158,'2:23',590),
('CA552',12,1,'22:12','2:24',1415,'4:12',1002),
('MU104',14,1,'1:16','3:38',556,'2:22',1382),
('CA553',16,1,'12:17','15:29',483,'3:12',706),
('MU105',18,1,'6:34','9:34',330,'3:00',598),
('CA554',20,1,'11:35','16:02',446,'4:27',867),
('MU106',2,3,'18:34','21:59',91,'3:25',106),
('CA555',4,3,'13:02','15:54',812,'2:52',1392),
('MU107',6,3,'18:51','21:54',1492,'3:03',761),
('CA556',8,3,'5:14','9:33',1396,'4:19',1227),
('MU108',10,3,'6:48','9:04',640,'2:16',1349),
('CA557',12,3,'12:08','16:12',301,'4:04',212),
('MU109',14,3,'3:27','5:48',487,'2:21',1419),
('CA558',16,3,'18:07','21:26',676,'3:19',847),
('MU110',18,3,'6:25','10:51',1049,'4:26',909),
('CA559',20,3,'3:59','6:25',1048,'2:26',491),
('MU111',2,5,'1:14','5:12',1388,'3:58',738),
('CA560',4,5,'3:16','7:48',1409,'4:32',257),
('MU112',6,5,'6:05','9:37',352,'3:32',1413),
('CA561',8,5,'19:24','0:58',437,'5:34',207),
('MU113',10,5,'19:39','22:43',477,'3:04',352),
('CA562',12,5,'8:50','9:45',795,'0:55',256),
('MU114',14,5,'13:00','14:34',50,'1:34',1181),
('CA563',16,5,'11:56','14:43',328,'2:47',420),
('MU115',18,5,'17:34','18:59',1266,'1:25',1138),
('CA564',20,5,'0:19','3:20',1383,'3:01',591),
('MU116',2,7,'3:03','6:38',1055,'3:35',1114),
('CA565',4,7,'0:18','4:18',1370,'4:00',1036),
('MU117',6,7,'4:42','6:47',1323,'2:05',1273),
('CA566',8,7,'5:38','10:51',1444,'5:13',159),
('MU118',10,7,'8:45','9:51',1084,'1:06',599),
('CA567',12,7,'16:38','19:46',503,'3:08',1290),
('MU119',14,7,'21:34','1:31',1335,'3:57',489),
('CA568',16,7,'11:19','14:24',975,'3:05',1138),
('MU120',18,7,'21:12','0:51',649,'3:39',1005),
('CA569',20,7,'22:23','3:09',1099,'4:46',1495),
('MU121',2,9,'4:46','6:32',47,'1:46',453),
('CA570',4,9,'14:43','17:23',1285,'2:40',928),
('MU122',6,9,'20:54','23:55',934,'3:01',982),
('CA571',8,9,'13:50','15:25',596,'1:35',1452),
('MU123',10,9,'20:41','23:31',625,'2:50',297),
('CA572',12,9,'4:20','8:34',1138,'4:14',810),
('MU124',14,9,'8:21','12:27',1407,'4:06',532),
('CA573',16,9,'20:15','21:34',353,'1:19',1298),
('MU125',18,9,'22:01','1:43',586,'3:42',948),
('CA574',20,9,'0:33','3:20',1291,'2:47',1053),
('MU126',2,11,'13:15','18:03',874,'4:48',1114),
('CA575',4,11,'1:23','5:23',1187,'4:00',238),
('MU127',6,11,'0:50','2:17',913,'1:27',1504),
('CA576',8,11,'3:26','5:28',1205,'2:02',1530),
('MU128',10,11,'5:52','7:38',809,'1:46',225),
('CA577',12,11,'5:42','8:31',265,'2:49',1486),
('MU129',14,11,'14:01','16:34',1148,'2:33',656),
('CA578',16,11,'17:14','20:42',263,'3:28',1323),
('MU130',18,11,'6:47','9:15',1115,'2:28',275),
('CA579',20,11,'12:53','13:09',662,'0:16',1300),
('MU131',2,13,'2:14','3:27',801,'1:13',1275),
('CA580',4,13,'1:41','5:51',1352,'4:10',132),
('MU132',6,13,'5:47','9:42',1252,'3:55',1135),
('CA581',8,13,'4:52','7:56',1179,'3:04',245),
('MU133',10,13,'4:33','7:35',687,'3:02',940),
('CA582',12,13,'23:44','1:42',82,'1:58',763),
('MU134',14,13,'1:17','3:20',397,'2:03',979),
('CA583',16,13,'12:33','13:58',1250,'1:25',1250),
('MU135',18,13,'21:52','23:24',19,'1:32',975),
('CA584',20,13,'6:00','8:03',184,'2:03',689),
('MU136',2,15,'14:07','16:24',546,'2:17',889),
('CA585',4,15,'14:24','16:46',646,'2:22',1210),
('MU137',6,15,'3:28','4:03',753,'0:35',347),
('CA586',8,15,'23:32','0:42',559,'1:10',357),
('MU138',10,15,'0:14','3:53',951,'3:39',335),
('CA587',12,15,'3:07','7:25',414,'4:18',164),
('MU139',14,15,'8:09','12:06',1019,'3:57',1423),
('CA588',16,15,'18:44','23:55',1377,'5:11',287),
('MU140',18,15,'12:37','15:30',1336,'2:53',1473),
('CA589',20,15,'15:27','19:04',541,'3:37',804),
('MU141',2,17,'13:16','14:28',998,'1:12',1158),
('CA590',4,17,'10:03','11:22',808,'1:19',254),
('MU142',6,17,'3:04','5:20',1340,'2:16',1194),
('CA591',8,17,'3:48','4:40',876,'0:52',554),
('MU143',10,17,'10:59','15:21',43,'4:22',1090),
('CA592',12,17,'19:28','23:22',1453,'3:54',153),
('MU144',14,17,'17:01','19:20',1293,'2:19',1157),
('CA593',16,17,'3:05','6:30',108,'3:25',758),
('MU145',18,17,'20:20','0:57',350,'4:37',530),
('CA594',20,17,'7:52','9:44',760,'1:52',1546),
('MU146',2,19,'19:21','22:14',294,'2:53',1152),
('CA595',4,19,'16:38','19:38',1322,'3:00',251),
('MU147',6,19,'23:35','0:18',1365,'0:43',1203),
('CA596',8,19,'23:51','4:39',913,'4:48',1145),
('MU148',10,19,'7:39','11:20',965,'3:41',1177),
('CA597',12,19,'11:56','13:11',948,'1:15',881),
('MU149',14,19,'3:31','5:30',941,'1:59',946),
('CA598',16,19,'6:14','10:35',591,'4:21',262),
('MU150',18,19,'0:40','3:30',710,'2:50',182),
('CA599',20,19,'1:07','4:31',5,'3:24',559),
('MU151',2,21,'18:54','21:52',532,'2:58',1121),
('CA600',4,21,'22:15','0:51',1017,'2:36',178),
('MU152',6,21,'18:44','22:59',750,'4:15',1020),
('CA601',8,21,'17:37','21:58',1428,'4:21',1026),
('MU153',10,21,'13:22','16:25',46,'3:03',928),
('CA602',12,21,'4:20','5:35',916,'1:15',556),
('MU154',14,21,'1:22','5:37',798,'4:15',1044),
('CA603',16,21,'13:00','17:55',1490,'4:55',590),
('MU155',18,21,'22:47','2:55',1124,'4:08',989),
('CA604',20,21,'23:02','2:38',1245,'3:36',1141),
('MU156',1,2,'18:17','20:26',365,'2:09',906),
('CA605',3,2,'13:23','16:25',132,'3:02',261),
('MU157',5,2,'19:54','22:51',4,'2:57',1594),
('CA606',7,2,'9:27','12:57',1200,'3:30',560),
('MU158',9,2,'13:05','17:19',1471,'4:14',859),
('CA607',11,2,'18:29','21:47',55,'3:18',232),
('MU159',13,2,'22:04','1:54',917,'3:50',1594),
('CA608',15,2,'22:17','0:59',445,'2:42',920),
('MU160',17,2,'20:13','22:24',968,'2:11',461),
('CA609',19,2,'2:28','6:48',535,'4:20',546),
('MU161',21,2,'11:00','13:10',716,'2:10',1297),
('CA610',1,4,'20:05','0:37',400,'4:32',1366),
('MU162',3,4,'14:52','18:27',234,'3:35',1360),
('CA611',5,4,'23:01','3:02',668,'4:01',443),
('MU163',7,4,'19:50','22:30',223,'2:40',966),
('CA612',9,4,'14:52','16:14',392,'1:22',1124),
('MU164',11,4,'12:23','14:33',581,'2:10',649),
('CA613',13,4,'6:38','7:16',495,'0:38',211),
('MU165',15,4,'17:34','22:41',670,'5:07',966),
('CA614',17,4,'23:18','1:07',1370,'1:49',1382),
('MU166',19,4,'7:07','9:31',1431,'2:24',486),
('CA615',21,4,'15:00','17:02',863,'2:02',531),
('MU167',1,6,'14:01','16:03',130,'2:02',121),
('CA616',3,6,'20:11','22:24',1239,'2:13',1543),
('MU168',5,6,'6:37','10:16',968,'3:39',165),
('CA617',7,6,'22:24','2:39',244,'4:15',349),
('MU169',9,6,'0:30','4:01',1420,'3:31',555),
('CA618',11,6,'4:10','8:17',274,'4:07',376),
('MU170',13,6,'22:07','1:21',1023,'3:14',1260),
('CA619',15,6,'1:09','2:38',900,'1:29',1266),
('MU171',17,6,'17:16','21:44',549,'4:28',1170),
('CA620',19,6,'14:49','18:24',16,'3:35',1502),
('MU172',21,6,'15:28','19:25',1286,'3:57',317),
('CA621',1,8,'20:03','21:39',809,'1:36',992),
('MU173',3,8,'10:41','12:02',1238,'1:21',1149),
('CA622',5,8,'17:52','19:50',1294,'1:58',990),
('MU174',7,8,'5:58','8:04',1174,'2:06',523),
('CA623',9,8,'21:27','2:44',1138,'5:17',1320),
('MU175',11,8,'23:24','4:18',1492,'4:54',1551),
('CA624',13,8,'23:43','3:02',532,'3:19',220),
('MU176',15,8,'3:39','6:16',976,'2:37',789),
('CA625',17,8,'12:54','16:36',739,'3:42',227),
('MU177',19,8,'16:13','18:23',949,'2:10',1370),
('CA626',21,8,'0:33','3:54',780,'3:21',1379),
('MU178',1,10,'16:50','17:17',104,'0:27',973),
('CA627',3,10,'0:35','4:13',1152,'3:38',959),
('MU179',5,10,'1:07','5:32',384,'4:25',1225),
('CA628',7,10,'8:49','9:47',700,'0:58',959),
('MU180',9,10,'8:46','11:54',183,'3:08',1353),
('CA629',11,10,'19:48','23:35',1314,'3:47',1535),
('MU181',13,10,'13:19','15:59',978,'2:40',1565),
('CA630',15,10,'10:15','13:12',471,'2:57',1253),
('MU182',17,10,'21:36','2:20',641,'4:44',1127),
('CA631',19,10,'21:24','1:53',340,'4:29',221),
('MU183',21,10,'22:56','1:49',631,'2:53',1009),
('CA632',1,12,'22:10','2:27',763,'4:17',137),
('MU184',3,12,'16:25','21:38',1316,'5:13',1212),
('CA633',5,12,'8:03','12:00',167,'3:57',1079),
('MU185',7,12,'15:32','18:10',830,'2:38',1388),
('CA634',9,12,'9:22','10:24',199,'1:02',658),
('MU186',11,12,'20:05','23:57',1359,'3:52',538),
('CA635',13,12,'1:28','3:30',1094,'2:02',1011),
('MU187',15,12,'16:20','17:59',167,'1:39',1452),
('CA636',17,12,'12:39','14:21',876,'1:42',532),
('MU188',19,12,'1:11','4:00',1394,'2:49',813),
('CA637',21,12,'19:50','22:27',578,'2:37',803),
('MU189',1,14,'7:55','12:41',681,'4:46',1248),
('CA638',3,14,'14:55','16:27',743,'1:32',233),
('MU190',5,14,'14:48','15:27',847,'0:39',196),
('CA639',7,14,'5:38','8:58',1421,'3:20',972),
('MU191',9,14,'7:08','10:52',1259,'3:44',757),
('CA640',11,14,'3:36','6:28',1465,'2:52',305),
('MU192',13,14,'4:38','5:46',853,'1:08',1256),
('CA641',15,14,'2:09','4:43',424,'2:34',1002),
('MU193',17,14,'20:12','22:55',829,'2:43',686),
('CA642',19,14,'18:40','22:33',389,'3:53',1409),
('MU194',21,14,'14:21','18:47',1242,'4:26',1003),
('CA643',1,16,'5:16','9:10',916,'3:54',1383),
('MU195',3,16,'17:16','18:25',446,'1:09',1104),
('CA644',5,16,'8:08','10:35',740,'2:27',1565),
('MU196',7,16,'13:25','16:15',770,'2:50',1322),
('CA645',9,16,'19:27','0:40',744,'5:13',1544),
('MU197',11,16,'7:45','10:42',326,'2:57',333),
('CA646',13,16,'20:38','0:04',1292,'3:26',1437),
('MU198',15,16,'3:06','6:51',1375,'3:45',1136),
('CA647',17,16,'3:37','8:10',347,'4:33',148),
('MU199',19,16,'8:32','10:01',299,'1:29',547),
('CA648',21,16,'1:11','4:28',267,'3:17',1099),
('MU200',1,18,'19:58','23:52',700,'3:54',1301),
('CA649',3,18,'21:31','2:29',523,'4:58',400),
('MU201',5,18,'15:55','20:26',413,'4:31',901),
('CA650',7,18,'12:30','15:32',1442,'3:02',1000),
('MU202',9,18,'18:38','21:45',109,'3:07',438),
('CA651',11,18,'1:24','4:24',157,'3:00',1562),
('MU203',13,18,'14:51','15:05',1168,'0:14',432),
('CA652',15,18,'8:41','10:48',625,'2:07',192),
('MU204',17,18,'18:06','22:00',1424,'3:54',825),
('CA653',19,18,'14:43','17:13',1291,'2:30',1430),
('MU205',21,18,'11:20','13:10',651,'1:50',1156),
('CA654',1,20,'5:21','6:38',365,'1:17',358),
('MU206',3,20,'5:01','9:39',1475,'4:38',1203),
('CA655',5,20,'6:41','10:21',32,'3:40',1586),
('MU207',7,20,'13:44','17:50',921,'4:06',292),
('CA656',9,20,'11:57','13:06',457,'1:09',255),
('MU208',11,20,'15:44','18:04',798,'2:20',566),
('CA657',13,20,'23:17','3:01',1155,'3:44',1143),
('MU209',15,20,'7:08','10:44',1477,'3:36',1120),
('CA658',17,20,'8:43','12:51',173,'4:08',1379),
('MU210',19,20,'3:29','5:22',240,'1:53',1580),
('CA659',21,20,'15:34','17:10',538,'1:36',1449);


